INSERT INTO users (name, avatar, city, password, email)
VALUES ('Sally Palmer', 'https://www.spacercreative.com/wp-content/uploads/2020/09/001-running.png', 'Calgary', '123', 'sally@gmail.com'),
('Tori Malcolm', 'https://www.spacercreative.com/wp-content/uploads/2020/09/017-compass.png', 'Calgary', '123', 'tori@gmail.com'),
('Mary Nazir', 'https://www.spacercreative.com/wp-content/uploads/2020/09/029-fishing.png', 'Calgary', '123', 'mary@gmail.com'),
('Peter Roy', 'https://www.spacercreative.com/wp-content/uploads/2020/09/030-backpack.png', 'Calgary', '123', 'peter@gmail.com'),
('Sven Jones', 'https://www.spacercreative.com/wp-content/uploads/2020/09/035-volleyball.png', 'Calgary', '123', 'sven@gmail.com'),
('Susan Reynolds', 'https://www.spacercreative.com/wp-content/uploads/2020/09/034-racket.png', 'Calgary', '123', 'susan@gmail.com'),
('Alec Quon', 'https://www.spacercreative.com/wp-content/uploads/2020/09/032-kayak.png', 'Calgary', '123', 'alec@gmail.com'),
('Hannah Owens', 'https://www.spacercreative.com/wp-content/uploads/2020/09/014-golf.png', 'Vancouver', '123', 'hannah@gmail.com'),
('Natalie Young', 'https://www.spacercreative.com/wp-content/uploads/2020/09/002-map.png', 'Vancouver', '123', 'natalie@gmail.com'),
('Caroline Bo', 'https://www.spacercreative.com/wp-content/uploads/2020/09/003-tennis.png', 'Vancouver', '123', 'caroline@gmail.com'),
('Parker Faraday', 'https://www.spacercreative.com/wp-content/uploads/2020/09/005-campfire.png', 'Edmonton', '123', 'parker@gmail.com'),
('Miriam Smith', 'https://www.spacercreative.com/wp-content/uploads/2020/09/018-swimming-pool.png', 'Edmonton', '123', 'miriam@gmail.com'),
('Leo Schults', 'https://www.spacercreative.com/wp-content/uploads/2020/09/019-rugby-ball.png', 'Edmonton', '123', 'leo@gmail.com'),
('River Simmons', 'https://www.spacercreative.com/wp-content/uploads/2020/09/011-motorbike.png', 'Edmonton', '123', 'river@gmail.com'),
('Trever Ong', 'https://www.spacercreative.com/wp-content/uploads/2020/09/013-boat.png', 'Edmonton', '123', 'trevor@gmail.com');


INSERT INTO activities (name, num_of_participants, frequency, days_available, timeframe, location, skill_tag, description)
VALUES ('Evening Spikeball', 4, 'weekly', 'thursday tuesday', 'evening', 'Stanley Park', 'advanced', 'Come join us on a weekly basis for some insanely intense spikeball in the park!'),
('Bocce Ball', 6, 'weekly', 'wednesday', 'morning', 'My backyard', 'intermediate', 'Master the art and balance of bocce with a great team from lower mainland'),
('Really Bad Tennis', 2, 'bi-weekly', 'thursday sunday', 'evening', 'Parker Elementary School', 'beginner', 'Ready for some embarrasingly bad tennis? come make a fool of yourself with others pretending we know what were even doing'),
('Frolfingly Fun', 3, 'monthly', 'saturday', 'daytime', 'Somewhere killer', 'beginner', 'I know we all live to frolf!'),
('Hike to no mans land', 6, 'monthly', 'saturday', 'daytime', 'Changes regularily', 'intermediate', 'Need a change of scenery? Get out of the city and look around!'),
('Spalunking yo', 8, 'monthly', 'sunday', 'morning', 'Rocky Mountains', 'advanced', 'Come climb into the middle of the Earth with us!'),
('Hike with your dog', 6, 'weekly', 'monday', 'morning', 'North Shore ', 'beginner', 'Walk your dog and walk yourself.'),
('Bike to the beach', 4, 'weekly', 'friday', 'evening', 'Jericho Beach', 'beginner', 'Join us at Jericho Beach, we will hang out and then head off on a group ride to a new destination every week!'),
('After work snowboarding', 3, 'bi-weekly', 'thursday', 'evening', 'Cypress Mountain', 'intermediate', 'Get in some runs during the week and watch the sunset from the hill with your new pals!'),
('Frisbee in the Park', 7, 'weekly', 'monday', 'evening', 'Hawrelak Park', 'beginner', 'Come and join us on Monday evenings for some frisbee games and some laughs, all skill levels welcome, kid and dog friendly.'),
('Jasper Ski Trip', 3, 'monthly', 'saturday sunday', 'morning daytime', 'Marmot Basin', 'advanced', 'Join me for a weekend trip up to Jasper, I am looking for some other folks who want to cruise some Black Diamonds and hunt for powder!'),
('Mixed Doubles Badminton', 12, 'weekly', 'monday wednesday saturday', 'evening', 'Geo Tao Badminton Center', 'intermediate', 'Looking for more mixed doubles badminton players, skill level is intermediate, we play for a few hours in the evening.'),
('Billiards at the Rack', 4, 'bi-weekly', 'wednesday sunday', 'evening', 'The Rack on Whyte Ave', 'intermediate', 'Want to practice your pool skills with some friendly faces? We meet at The Rack eveny Wed and Sun evening and are always looking for new players to compete against.'),
('Looking for Advanced Ping Pong Partner', 2, 'bi-weekly weekly', 'thursday wednesday', 'daytime morning', 'My place', 'advanced', 'I have a table, but need another decent player to challenge to some friendly and competitive bi-weekly games.'),
('Competitive Spikeball', 20, 'weekly', 'wednesday', 'evening', 'Sherwood Park', 'intermediate advanced', 'Join our awesome summer spikeball league that plays weekly in Sherwood Park. Skill level is between intermediate to advanced. Losers buy a round after at OJs!'),
('Tennis at Templeton School Courts', 2, 'weekly', 'thursday', 'evening', 'Templeton School, East Van', 'intermediate', 'I would like to find a partner to play tennis with each week, I have two years of experience and ideally my partner would be at a similar level.'),
('Volleyball at Kits Beach', 3, 'weekly', 'saturday', 'daytime', 'Kits Beach', 'intermediate', 'I played on a team last season and it was the best! This year I want to put together another rad crew of people who are intersted in playing seriously while still having fun.');


INSERT INTO activity_participants (activity_id, user_id, status)
VALUES (1, 2,'null'),
(2,4,'pending'),
(3,2,'accepted'),
(5,2,'accepted'),
(2,2,'pending'),
(4,4,'pending'),
(4,6,'accepted'),
(4,5,'accepted'),
(6,1,'accepted'),
(6,6,'accepted'),
(6,5,'accepted'),
(6,3,'pending'),
(6,4,'pending'),
(1, 1, 'host'),
(2, 3, 'host'),
(3, 4, 'host'),
(4, 2, 'host'),
(5, 5, 'host'),
(6, 2, 'host'),
(7, 8, 'host'),
(7, 9, 'accepted'),
(7, 10, 'pending'),
(8, 9, 'host'),
(8, 8, 'pending'),
(9, 10, 'host'),
(9, 8, 'accepted'),
(10, 15, 'host'),
(10, 14, 'pending'),
(10, 13, 'accepted'),
(11, 11, 'host'),
(11, 14, 'accepted'),
(12, 14, 'host'),
(12, 15, 'pending'),
(12, 12, 'accepted'),
(13, 13, 'host'),
(13, 12, 'pending'),
(14, 9, 'host'),
(15, 15, 'host'),
(16, 8, 'host'),
(16, 10, 'pending'),
(17, 10, 'host');



INSERT INTO tags (name)
VALUES ('outdoor'),
('hiking'), 
('fishing'),
('kayak'),
('court'),
('spikeball'),
('biking'),
('tennis'),
('snowboarding'),
('ski'),
('online'),
('gaming'),
('language practice'),
('quiz party'),
('weekly'),
('bi-weekly'),
('monthly'),
('one time'),
('monday'),
('tuesday'),
('wednesday'),
('thursday'),
('friday'),
('saturday'),
('sunday'),
('morning'),
('daytime'),
('evening'),
('beginner'),
('intermediate'),
('recreation'),
('bocce ball'),
('summer'),
('court'),
('tennis'),
('frisbee'),
('advanced'),
('badminton'),
('spalunking'),
('ping pong'),
('billiards'),
('volleyball'),
('basketball'),
('hockey'),
('golf');

INSERT INTO activity_tags (activity_id, tag_id)
VALUES (1,15),
(1, 22),
(1, 20),
(1, 28),
(1, 37),
(1, 6),
(1, 31),
(1, 1),
(2, 15),
(2, 21),
(2, 26),
(2, 30),
(2, 1),
(2, 31),
(2, 32),
(2, 33),
(3, 16),
(3, 22),
(3, 25),
(3, 28),
(3, 29),
(3, 1),
(3, 34),
(3, 35),
(4, 17),
(4, 24),
(4, 27),
(4, 29),
(4, 45),
(4, 1),
(4, 31),
(4, 36),
(5, 17),
(5, 24),
(5, 27),
(5, 30),
(5, 1),
(5, 31),
(5, 2),
(6, 17),
(6, 25),
(6, 26),
(6, 37),
(6, 39),
(6, 31),
(7, 15),
(7, 19),
(7, 26),
(7, 29),
(7, 2),
(8, 15),
(8, 23),
(8, 28),
(8, 29),
(8, 7),
(9, 16),
(9, 22),
(9, 28),
(9, 30),
(9, 9),
(10, 15),
(10, 26),
(10, 28),
(10, 29),
(10, 16),
(11, 17),
(11, 24),
(11, 25),
(11, 26),
(11, 27),
(11, 10),
(11, 1),
(12, 15),
(12, 19),
(12, 21),
(12, 24),
(12, 28),
(12, 30),
(12, 38),
(12, 31),
(13, 16),
(13, 21),
(13, 25),
(13, 28),
(13, 30),
(13, 41),
(14, 16),
(14, 17),
(14, 21),
(14, 22),
(14, 26),
(14, 27),
(14, 37),
(14, 40),
(15, 15),
(15, 21),
(15, 28),
(15, 30),
(15, 37),
(15, 6),
(15, 1),
(15, 31),
(16, 15),
(16, 22),
(16, 28),
(16, 30),
(16, 35),
(16, 1),
(17, 15),
(17, 24),
(17, 27),
(17, 30),
(17, 42),
(17, 31),
(17, 1);


INSERT INTO messages (activity_id, sender_id, receiver_id, text)
VALUES
(6, 5, 2, 'Hey Im intersted in your cool activity'),
(6, 2, 5, 'cool deal!'),
(6, 5, 2, 'can i bring my dog with me?'),
(6, 2, 5, 'no!'),
(6, 4, 2, 'from cohona to tori in spalunk'),
(6, 2, 4, 'from tori to cohona in spalunk');






